Daily commit Mon Oct 27 17:43:28 UTC 2025
Daily commit Tue Oct 28 06:48:44 UTC 2025
Daily commit Wed Oct 29 06:48:50 UTC 2025
Daily commit Thu Oct 30 06:46:54 UTC 2025
Daily commit Fri Oct 31 06:47:23 UTC 2025
Daily commit Sat Nov  1 06:43:07 UTC 2025
Daily commit Sun Nov  2 06:45:11 UTC 2025
Daily commit Mon Nov  3 06:49:36 UTC 2025
Daily commit Tue Nov  4 06:48:24 UTC 2025
Daily commit Wed Nov  5 06:47:58 UTC 2025
Daily commit Thu Nov  6 06:48:33 UTC 2025
Daily commit Fri Nov  7 06:47:43 UTC 2025
Daily commit Sat Nov  8 06:44:07 UTC 2025
Daily commit Sun Nov  9 06:44:25 UTC 2025
Daily commit Mon Nov 10 06:49:38 UTC 2025
Daily commit Tue Nov 11 06:48:37 UTC 2025
Daily commit Wed Nov 12 06:48:26 UTC 2025
Daily commit Thu Nov 13 06:48:21 UTC 2025
Daily commit Fri Nov 14 06:48:24 UTC 2025
Daily commit Sat Nov 15 06:44:15 UTC 2025
